match_id,start_date,team,opponent,home_advantage,delta_wt_win_perc,delta_wt_bat_avg,delta_wt_bat_sr,delta_wt_bowl_avg,delta_wt_bowl_econ,result
1123205,2018-02-10,India,South Africa,-1,100.0,88.27,33.64,-88.27,-2.02,0
1131233,2018-03-15,Australia,India,-1,65.5,68.24,21.82,-16.93,-1.03,1
1138201,2018-03-24,Sri Lanka,Pakistan,1,-100.0,-26.07,-13.06,26.07,0.78,0
1131778,2018-04-12,India,England,1,-78.59,-32.73,9.62,25.5,2.04,1
1144436,2018-05-06,South Africa,Bangladesh,1,65.5,12.18,25.85,1.23,-0.65,1
1144437,2018-05-09,South Africa,Bangladesh,1,73.69,18.37,34.41,-11.08,-1.11,1
1144438,2018-05-11,South Africa,Bangladesh,1,78.59,21.71,38.85,-18.04,-1.4,1
1144439,2018-05-14,Bangladesh,South Africa,-1,-81.86,-22.55,-38.71,18.14,1.34,0
1126717,2018-06-09,South Africa,England,-1,33.32,4.54,13.66,-5.35,-0.14,1
1126718,2018-06-12,England,South Africa,1,-51.43,-10.19,-13.82,12.28,0.28,1
1126719,2018-06-15,England,South Africa,1,-27.62,-2.56,-2.89,9.14,0.32,1
1126728,2018-07-10,New Zealand,England,-1,-65.55,-24.53,-12.84,32.41,1.47,0
1126729,2018-07-13,England,New Zealand,1,69.97,22.86,22.03,-12.35,-1.24,0
1157706,2018-09-11,India,Sri Lanka,-1,33.4,15.07,20.41,2.25,0.21,1
1157707,2018-09-13,India,Sri Lanka,-1,41.95,17.51,23.72,-6.62,-0.09,1
1157708,2018-09-16,India,Sri Lanka,-1,48.36,14.16,17.52,-2.94,-0.02,0
1161228,2018-10-18,Pakistan,Australia,0,0.0,-13.66,-21.66,-8.14,-0.93,0
1161229,2018-10-20,Pakistan,Australia,0,-32.18,-14.23,-25.04,-3.21,-0.28,0
1161230,2018-10-22,Australia,Pakistan,0,48.27,17.67,28.0,-3.11,-0.48,1
1153855,2019-01-24,India,New Zealand,-1,11.52,11.31,8.35,-1.96,-0.5,1
1153856,2019-01-29,India,New Zealand,-1,23.94,13.32,10.52,-8.95,-0.69,1
1153857,2019-02-01,India,New Zealand,-1,32.43,15.13,11.96,-13.17,-0.67,0
1168164,2019-02-11,Sri Lanka,South Africa,-1,-52.4,-15.5,-15.06,10.35,0.63,0
1168165,2019-02-14,Sri Lanka,South Africa,-1,-57.32,-14.43,-13.06,10.05,0.59,0
1168166,2019-02-17,South Africa,Sri Lanka,1,61.07,14.21,11.58,-10.76,-0.62,1
1144982,2019-02-22,New Zealand,Australia,-1,-67.82,-19.04,-27.35,14.74,1.03,0
1172160,2019-02-22,England,India,-1,13.43,2.42,4.82,-2.54,-0.26,0
1144983,2019-02-24,New Zealand,Australia,-1,-71.95,-14.65,-23.06,11.88,0.88,0
1172161,2019-02-25,England,India,-1,4.25,0.69,3.16,-1.91,-0.21,0
1172162,2019-02-28,England,India,-1,-3.25,-1.7,2.27,-0.11,-0.19,1
1144984,2019-03-03,New Zealand,Australia,-1,-75.04,-15.36,-21.78,12.91,0.89,0
1176432,2019-03-16,Sri Lanka,England,1,-42.9,-10.58,-10.4,8.92,0.48,0
1176433,2019-03-18,Sri Lanka,England,1,-47.15,-11.66,-12.92,10.74,0.69,0
1176434,2019-03-21,England,Sri Lanka,-1,50.69,12.07,14.01,-11.68,-0.77,1
1177015,2019-05-06,Pakistan,South Africa,-1,-34.22,-11.28,-11.99,1.35,0.58,1
1177016,2019-05-09,Pakistan,South Africa,-1,-21.81,-8.43,-10.56,-1.88,0.4,0
1168022,2019-07-02,England,Australia,1,-36.98,-6.3,-8.85,3.82,0.04,0
1168023,2019-07-04,England,Australia,1,-39.93,-5.34,-7.83,3.99,0.07,0
1168024,2019-07-07,England,Australia,1,-42.53,-5.92,-7.32,4.25,0.06,0
1183513,2019-10-05,Sri Lanka,Australia,-1,-90.64,-17.74,-22.14,18.48,1.03,0
1183514,2019-10-07,Australia,Sri Lanka,1,91.28,18.09,23.58,-18.71,-1.14,1
1183515,2019-10-09,Australia,Sri Lanka,1,91.82,17.96,24.47,-18.52,-1.21,1
1200180,2019-10-09,India,South Africa,1,-21.71,-0.98,-2.56,3.04,0.32,1
1200181,2019-10-11,India,South Africa,1,-16.19,0.93,-2.11,1.8,0.29,1
1200182,2019-10-14,India,South Africa,1,-11.32,1.13,-1.85,1.68,0.27,1
1208344,2019-12-09,Pakistan,England,0,-10.89,-7.74,-12.53,-2.26,0.25,0
1208345,2019-12-12,Pakistan,England,0,-17.08,-8.36,-11.94,0.03,0.39,0
1187714,2020-01-25,South Africa,New Zealand,-1,42.4,8.65,5.21,-11.0,-0.8,1
1187715,2020-01-27,South Africa,New Zealand,-1,45.56,8.96,4.21,-12.94,-0.8,1
1187716,2020-01-30,New Zealand,South Africa,1,-48.24,-10.2,-5.55,14.02,0.82,0
1223944,2020-10-03,Australia,New Zealand,1,82.24,17.02,19.1,-18.04,-0.98,1
1223945,2020-10-05,Australia,New Zealand,1,83.34,17.75,19.8,-18.87,-1.01,1
1223946,2020-10-07,Australia,New Zealand,1,84.28,17.49,19.07,-18.76,-1.01,1
1244843,2021-01-20,Pakistan,South Africa,-1,-32.13,-10.26,-7.84,5.01,0.74,0
1244844,2021-01-23,South Africa,Pakistan,1,35.84,9.59,7.75,-4.43,-0.65,1
1244845,2021-01-26,South Africa,Pakistan,1,39.0,9.18,7.1,-4.84,-0.66,1
1249232,2021-02-23,England,New Zealand,-1,43.43,10.47,10.53,-14.84,-0.81,1
1249233,2021-02-26,England,New Zealand,-1,45.45,11.15,10.98,-16.02,-0.83,1
1249234,2021-02-28,New Zealand,England,1,-47.27,-11.63,-11.4,16.81,0.84,1
1253267,2021-03-07,South Africa,India,-1,12.86,-0.32,1.51,-2.0,-0.23,1
1253268,2021-03-09,South Africa,India,-1,15.54,0.68,2.06,-2.69,-0.24,0
1253269,2021-03-12,South Africa,India,-1,12.51,-0.56,1.37,-1.88,-0.21,1
1253270,2021-03-14,India,South Africa,1,-14.88,0.63,-1.19,2.02,0.2,0
1253271,2021-03-17,South Africa,India,-1,17.04,-0.67,1.14,-2.33,-0.21,1
1249241,2021-04-04,New Zealand,Australia,1,-82.91,-18.48,-20.52,20.58,1.1,0
1249242,2021-04-07,Australia,New Zealand,-1,83.56,18.84,20.51,-20.89,-1.1,1
1249243,2021-04-10,New Zealand,Australia,1,-84.14,-18.83,-20.35,20.79,1.11,0
1260094,2021-06-27,India,England,-1,-6.48,0.41,-6.5,1.82,0.12,0
1260095,2021-06-30,India,England,-1,-8.86,-0.35,-7.03,2.33,0.16,0
1260096,2021-07-03,England,India,1,11.04,0.93,7.0,-2.72,-0.16,0
1260103,2021-09-16,England,New Zealand,1,44.43,11.14,10.48,-14.3,-0.84,1
1260104,2021-09-19,New Zealand,England,-1,-45.78,-10.88,-10.32,13.59,0.84,0
1260105,2021-09-21,England,New Zealand,1,47.03,10.64,10.17,-12.87,-0.81,0
1263617,2021-09-21,India,Australia,-1,-48.75,-7.66,-16.54,8.22,0.41,0
1260106,2021-09-23,New Zealand,England,-1,-43.5,-10.16,-9.88,11.95,0.78,0
1263618,2021-09-24,India,Australia,-1,-49.82,-8.75,-16.56,8.57,0.42,0
1260107,2021-09-26,New Zealand,England,-1,-44.66,-10.0,-9.61,11.8,0.76,0
1263619,2021-09-26,Australia,India,1,50.82,8.96,16.21,-8.53,-0.4,0
1286901,2021-11-21,Bangladesh,Pakistan,0,-29.1,-9.98,-23.44,10.64,0.28,1
1263575,2022-02-03,Australia,England,1,35.53,8.52,9.53,-4.47,-0.16,1
1263576,2022-02-06,England,Australia,-1,-36.63,-8.18,-9.11,4.49,0.16,0
1263577,2022-02-08,England,Australia,-1,-37.67,-8.33,-9.09,4.69,0.18,0
1289032,2022-02-12,New Zealand,India,1,-34.2,-10.74,-4.09,8.94,0.61,1
1289033,2022-02-15,India,New Zealand,-1,31.38,10.29,3.4,-8.35,-0.56,0
1289034,2022-02-18,New Zealand,India,1,-28.79,-10.19,-3.16,8.35,0.54,1
1289035,2022-02-22,India,New Zealand,-1,26.36,9.8,2.96,-7.87,-0.54,0
1289036,2022-02-24,India,New Zealand,-1,24.11,9.19,2.43,-7.03,-0.52,1
1243909,2022-03-05,South Africa,Bangladesh,0,56.89,18.13,27.02,-12.09,-0.64,1
1243910,2022-03-05,England,Australia,0,-38.63,-8.97,-9.24,5.0,0.2,0
1243911,2022-03-06,Pakistan,India,0,-19.85,-9.22,-7.88,-1.41,0.12,0
1243912,2022-03-07,New Zealand,Bangladesh,1,9.4,7.68,23.5,3.57,0.41,1
1243913,2022-03-08,Australia,Pakistan,0,70.76,18.48,22.07,-7.57,-0.61,1
1243915,2022-03-10,India,New Zealand,-1,24.74,9.17,2.16,-7.26,-0.53,0
1243916,2022-03-11,Pakistan,South Africa,0,-46.34,-9.65,-8.21,4.42,0.58,0
1243918,2022-03-13,New Zealand,Australia,1,-72.65,-18.12,-15.48,15.08,1.0,0
1243919,2022-03-14,South Africa,England,0,14.5,0.9,-4.79,-1.42,-0.13,1
1243920,2022-03-14,Pakistan,Bangladesh,0,13.3,7.37,14.98,-6.89,-0.13,0
1243922,2022-03-16,England,India,0,9.41,-0.62,4.27,-3.18,-0.29,1
1243923,2022-03-17,New Zealand,South Africa,1,-48.28,-9.39,-1.47,11.5,0.93,0
1243925,2022-03-19,Australia,India,0,50.41,9.44,13.78,-8.33,-0.48,1
1243926,2022-03-20,England,New Zealand,-1,33.56,8.28,6.0,-10.08,-0.8,1
1243928,2022-03-22,Australia,South Africa,0,24.53,9.14,14.12,-3.43,-0.05,1
1243929,2022-03-22,Bangladesh,India,0,-26.71,-14.95,-20.74,4.73,0.21,0
1243931,2022-03-24,Pakistan,England,0,-34.15,-8.25,-12.3,3.23,0.44,0
1243932,2022-03-25,Australia,Bangladesh,0,79.36,25.18,35.08,-12.71,-0.64,1
1243933,2022-03-26,Pakistan,New Zealand,-1,-0.45,-0.44,-7.03,-6.35,-0.34,0
1243934,2022-03-27,England,Bangladesh,0,41.74,14.45,25.53,-8.17,-0.47,1
1243935,2022-03-27,India,South Africa,0,-25.06,-0.75,0.28,4.42,0.38,0
1243937,2022-03-31,South Africa,England,0,13.4,1.27,-4.14,-0.52,-0.05,0
1243938,2022-04-03,Australia,England,0,38.11,10.04,9.33,-3.85,-0.12,1
1310984,2022-06-01,Sri Lanka,Pakistan,-1,-15.02,-2.9,-2.96,10.2,0.45,0
1310985,2022-06-03,Pakistan,Sri Lanka,1,17.4,3.38,3.27,-11.49,-0.43,1
1310986,2022-06-05,Pakistan,Sri Lanka,1,19.56,3.94,3.95,-13.28,-0.45,0
1319712,2022-07-01,India,Sri Lanka,-1,35.65,11.65,11.61,-10.88,-0.51,1
1319713,2022-07-04,India,Sri Lanka,-1,36.66,11.72,11.87,-10.61,-0.5,1
1319714,2022-07-07,Sri Lanka,India,1,-37.57,-12.05,-12.37,11.98,0.55,0
1301328,2022-07-11,England,South Africa,1,-12.86,-0.96,4.7,0.57,0.06,1
1301329,2022-07-15,England,South Africa,1,-11.85,-0.73,4.93,0.43,0.04,1
1301330,2022-07-18,South Africa,England,-1,10.9,0.37,-5.13,-0.18,-0.03,0
1301337,2022-09-18,India,England,-1,-11.86,0.13,-5.04,3.35,0.26,1
1301338,2022-09-21,India,England,-1,-10.89,0.31,-4.89,3.22,0.25,1
1301339,2022-09-24,India,England,-1,-9.96,0.61,-4.65,2.96,0.24,1
1322341,2022-12-11,New Zealand,Bangladesh,1,8.96,6.44,20.33,1.25,0.32,1
1345092,2023-01-16,Australia,Pakistan,1,71.81,18.49,22.69,-7.45,-0.53,1
1345093,2023-01-18,Pakistan,Australia,-1,-72.35,-18.72,-22.72,7.73,0.54,0
1345094,2023-01-21,Pakistan,Australia,-1,-72.85,-19.25,-23.2,8.2,0.58,0
1368851,2023-05-04,Sri Lanka,Bangladesh,1,-5.08,3.14,10.11,4.82,0.32,1
1379757,2023-06-27,New Zealand,Sri Lanka,-1,12.95,2.79,9.19,-3.76,-0.05,0
1379758,2023-06-30,New Zealand,Sri Lanka,-1,10.09,2.35,8.63,-3.43,-0.06,1
1379759,2023-07-03,Sri Lanka,New Zealand,1,-11.24,-2.53,-8.88,3.95,0.12,1
1336077,2023-07-12,England,Australia,1,-39.16,-10.57,-9.18,4.28,0.18,1
1336078,2023-07-16,England,Australia,1,-37.68,-10.41,-9.06,4.19,0.17,0
1382166,2023-07-16,Bangladesh,India,1,-35.39,-15.38,-21.86,6.85,0.29,1
1336079,2023-07-18,England,Australia,1,-38.1,-10.34,-9.02,4.11,0.15,1
1382167,2023-07-19,India,Bangladesh,-1,31.1,15.1,21.53,-5.04,-0.22,1
1382169,2023-09-08,South Africa,Pakistan,-1,45.59,8.76,8.89,-4.3,-0.47,1
1336083,2023-09-09,England,Sri Lanka,1,41.68,10.31,14.59,-13.51,-0.79,1
1382170,2023-09-11,South Africa,Pakistan,-1,46.22,9.08,8.97,-4.79,-0.49,1
1336085,2023-09-14,England,Sri Lanka,1,42.35,10.6,14.79,-13.58,-0.8,1
1382171,2023-09-14,Pakistan,South Africa,1,-46.81,-9.23,-9.08,4.98,0.51,1
1392348,2023-09-24,New Zealand,South Africa,-1,-44.17,-8.53,-1.28,9.93,0.76,0
1392349,2023-09-28,South Africa,New Zealand,1,44.6,8.53,1.3,-9.94,-0.76,1
1392350,2023-10-01,New Zealand,South Africa,-1,-45.0,-8.67,-1.32,10.14,0.76,1
1405124,2023-11-04,Pakistan,Bangladesh,-1,7.55,6.54,12.33,-3.27,0.01,1
1405126,2023-11-10,Bangladesh,Pakistan,1,-9.29,-6.81,-12.61,3.18,-0.02,1
1388199,2023-12-12,Pakistan,New Zealand,-1,-0.43,-0.6,-7.97,-5.65,-0.32,0
1388200,2023-12-15,Pakistan,New Zealand,-1,-1.33,-0.83,-8.23,-5.07,-0.28,0
1398258,2023-12-16,South Africa,Bangladesh,1,50.52,15.33,21.46,-6.52,-0.37,0
1398259,2023-12-20,Bangladesh,South Africa,-1,-47.55,-14.42,-20.33,5.41,0.33,0
1398260,2023-12-23,Bangladesh,South Africa,-1,-48.38,-14.02,-19.75,6.16,0.33,0
1406078,2023-12-28,Australia,India,-1,46.01,9.67,13.96,-6.47,-0.33,1
1406079,2023-12-30,India,Australia,1,-46.4,-9.82,-13.94,6.52,0.33,0
1406080,2024-01-02,India,Australia,1,-46.76,-9.71,-13.83,6.48,0.33,0
1375872,2024-02-03,Australia,South Africa,1,25.75,9.46,14.27,-3.62,-0.07,1
1375873,2024-02-07,Australia,South Africa,1,26.14,9.67,14.36,-3.75,-0.07,0
1375874,2024-02-10,Australia,South Africa,1,25.26,9.3,14.28,-3.61,-0.08,1
1425061,2024-03-21,Bangladesh,Australia,1,-74.23,-23.47,-34.25,10.91,0.46,0
1425062,2024-03-24,Bangladesh,Australia,1,-74.82,-23.61,-34.38,10.95,0.46,0
1425063,2024-03-27,Bangladesh,Australia,1,-75.35,-23.73,-34.81,10.91,0.47,0
1388207,2024-04-01,England,New Zealand,-1,32.13,7.74,6.34,-9.49,-0.69,1
1388208,2024-04-04,New Zealand,England,1,-32.52,-7.77,-6.39,9.53,0.69,0
1388209,2024-04-07,England,New Zealand,-1,32.91,7.74,6.43,-9.45,-0.69,0
1398266,2024-04-13,Sri Lanka,South Africa,-1,-53.06,-11.16,-9.58,13.51,0.9,0
1398267,2024-04-17,Sri Lanka,South Africa,-1,-53.54,-11.19,-9.38,13.95,0.89,1
1398271,2024-05-23,Pakistan,England,-1,-34.44,-8.48,-14.47,4.47,0.41,0
1398273,2024-05-29,Pakistan,England,-1,-34.88,-8.45,-14.44,4.45,0.42,0
1434287,2024-06-16,South Africa,India,-1,20.65,0.4,-0.09,-2.93,-0.24,0
1434288,2024-06-19,India,South Africa,1,-20.06,-0.25,0.26,2.76,0.24,1
1434289,2024-06-23,South Africa,India,-1,19.48,0.13,-0.32,-2.76,-0.24,0
1398274,2024-06-26,England,New Zealand,1,32.53,7.64,6.4,-9.3,-0.69,1
1398275,2024-06-30,New Zealand,England,-1,-32.86,-7.76,-6.49,9.46,0.7,0
1398276,2024-07-03,New Zealand,England,-1,-33.18,-7.87,-6.63,9.58,0.7,0
1454391,2024-10-24,India,New Zealand,1,22.7,8.19,1.65,-6.44,-0.47,1
1454392,2024-10-27,New Zealand,India,-1,-23.12,-8.15,-1.72,6.42,0.47,1
1454393,2024-10-29,New Zealand,India,-1,-22.48,-8.02,-1.59,6.28,0.46,0
1432228,2024-12-04,England,South Africa,-1,-8.14,-0.33,5.38,-0.48,0.01,0
1426620,2024-12-05,India,Australia,-1,-45.37,-9.17,-13.38,6.88,0.37,0
1426621,2024-12-08,Australia,India,1,45.65,9.21,13.52,-6.93,-0.37,1
1432229,2024-12-08,South Africa,England,1,8.46,0.43,-5.35,0.41,-0.01,0
1426622,2024-12-11,India,Australia,-1,-45.91,-9.28,-13.68,6.99,0.39,0
1432230,2024-12-11,South Africa,England,1,8.09,0.32,-5.39,0.47,0.0,0
1443566,2024-12-21,New Zealand,Australia,1,-68.33,-17.27,-15.34,13.3,0.82,0
1443567,2024-12-23,Australia,New Zealand,-1,68.48,17.28,15.4,-13.33,-0.83,1
1426623,2025-01-12,England,Australia,-1,-34.95,-9.32,-8.76,3.83,0.13,0
1426624,2025-01-14,Australia,England,1,35.15,9.33,8.76,-3.86,-0.13,1
1426625,2025-01-17,England,Australia,-1,-35.35,-9.21,-8.72,3.86,0.13,0
1443569,2025-03-07,Sri Lanka,New Zealand,-1,-9.0,-2.51,-7.41,5.02,0.17,0
1443570,2025-03-09,New Zealand,Sri Lanka,1,9.57,2.61,7.57,-5.05,-0.17,1
1477022,2025-04-19,Bangladesh,Pakistan,-1,-5.21,-5.8,-11.67,2.5,-0.1,0
1476980,2025-04-27,India,Sri Lanka,-1,31.92,10.47,9.27,-11.3,-0.61,1
1476981,2025-04-29,South Africa,India,0,18.82,0.22,-0.41,-2.67,-0.25,0
1476982,2025-05-02,South Africa,Sri Lanka,-1,50.92,10.81,8.96,-14.25,-0.86,0
1476983,2025-05-04,Sri Lanka,India,1,-31.45,-10.46,-9.16,11.36,0.6,1
1476984,2025-05-07,South Africa,India,0,18.37,0.13,-0.48,-2.6,-0.25,0
1476985,2025-05-09,Sri Lanka,South Africa,1,-48.45,-10.46,-8.48,13.71,0.85,0
1476986,2025-05-11,Sri Lanka,India,1,-30.67,-10.26,-8.71,11.03,0.61,0
1448402,2025-07-16,England,India,1,10.24,-0.35,4.61,-3.18,-0.26,0
1448403,2025-07-19,India,England,-1,-9.94,0.35,-4.58,3.18,0.26,0
1448404,2025-07-22,England,India,1,10.18,-0.29,4.58,-3.22,-0.26,0
1488248,2025-09-14,India,Australia,1,-45.63,-8.84,-13.25,7.14,0.4,0
1500387,2025-09-16,South Africa,Pakistan,-1,42.42,8.94,9.48,-4.09,-0.4,1
1488249,2025-09-17,India,Australia,1,-45.78,-8.95,-13.27,7.14,0.4,1
1500388,2025-09-19,Pakistan,South Africa,1,-42.69,-8.86,-9.37,4.25,0.4,0
1488250,2025-09-20,Australia,India,-1,45.25,8.79,13.15,-7.07,-0.39,1
1500389,2025-09-22,Pakistan,South Africa,1,-42.95,-8.89,-9.16,4.45,0.41,1
1490413,2025-09-30,Sri Lanka,India,-1,-31.05,-10.37,-9.01,11.03,0.61,0
1490414,2025-10-01,Australia,New Zealand,0,67.72,16.82,15.49,-12.92,-0.79,1
1490415,2025-10-02,Pakistan,Bangladesh,0,6.25,6.09,12.07,-2.59,0.1,0
1490416,2025-10-03,South Africa,England,0,7.9,0.49,-5.09,0.57,0.01,0
1490418,2025-10-05,Pakistan,India,0,-24.63,-8.78,-10.08,1.64,0.14,0
1490419,2025-10-06,New Zealand,South Africa,0,-40.22,-8.05,-1.35,8.53,0.67,0
1490420,2025-10-07,Bangladesh,England,0,-39.5,-14.27,-26.2,6.96,0.29,0
1490421,2025-10-08,Pakistan,Australia,0,-70.08,-17.55,-23.43,8.6,0.52,0
1490422,2025-10-09,South Africa,India,-1,17.62,0.07,-0.82,-2.61,-0.26,1
1490423,2025-10-10,New Zealand,Bangladesh,0,7.13,6.58,19.69,2.29,0.4,1
1490424,2025-10-11,Sri Lanka,England,1,-41.46,-9.99,-13.2,14.28,0.9,0
1490425,2025-10-12,Australia,India,-1,45.3,8.67,13.21,-7.03,-0.39,1
1490426,2025-10-13,South Africa,Bangladesh,0,47.86,14.74,21.12,-6.16,-0.27,1
1490429,2025-10-16,Australia,Bangladesh,0,75.63,23.14,34.91,-10.56,-0.39,1
1490430,2025-10-17,South Africa,Sri Lanka,-1,49.41,10.47,8.28,-13.42,-0.88,1
1490432,2025-10-19,England,India,-1,10.27,-0.35,4.14,-3.34,-0.28,1
1490433,2025-10-20,Bangladesh,Sri Lanka,0,1.17,-3.96,-12.47,-7.01,-0.59,0
1490434,2025-10-21,South Africa,Pakistan,0,42.87,9.0,9.46,-4.2,-0.4,1
1490435,2025-10-22,England,Australia,0,-35.1,-9.17,-9.14,3.7,0.11,0
1490436,2025-10-23,New Zealand,India,-1,-22.19,-8.03,-2.32,5.78,0.39,0
1490438,2025-10-25,South Africa,Australia,0,-27.37,-8.74,-14.09,4.31,0.11,0
1490439,2025-10-26,England,New Zealand,0,32.61,7.62,6.36,-9.21,-0.68,1
1490441,2025-10-29,England,South Africa,0,-7.67,-0.4,4.94,-0.61,-0.01,0
1490442,2025-10-30,India,Australia,1,-45.48,-8.77,-13.23,7.06,0.39,1
1490443,2025-11-02,India,South Africa,1,-17.93,0.04,0.89,2.74,0.27,1
