match_id,hash_id,start_date,team,opponent,home_advantage,chasing_advantage,delta_team_strength
271466,f5d88ce94b35ab7c708760ff4dfea0c1,2007-01-24,Pakistan,South Africa,-1,0.0,-1.2732394366197184
341306,fe5e3aeb2351b016a68cd3871b7f5e4d,2008-05-11,India,Sri Lanka,-1,1.0,4.535479151426482
527679,2e83993918d8f7df7d65b1c71ec07101,2011-10-21,South Africa,England,1,-0.5,-8.565429030203703
527680,60733805acc69f50ebef033d2b24f043,2011-10-23,South Africa,England,1,-0.43,-6.164126279230355
527681,c5495e507fb7b97b618433cac9d1dad1,2011-10-25,South Africa,England,1,0.38,-4.089608331417557
542852,7cecebfb3ad8075a6428accc3e7b7a2f,2012-07-01,England,India,1,1.0,2.6059509168076005
542853,3e8ff5c732a280f8027798b025184d90,2012-07-04,England,India,1,-1.0,0.8325922263402465
542854,871f136a2d07877840b9f9815413ce79,2012-07-05,India,England,-1,0.67,-0.2969690445309122
542856,cf654d2e708316d21027c30a4ca04246,2012-07-11,England,India,1,-0.75,0.41118512092534176
584546,62fb4914cb9d49250d194c1a460802ec,2012-12-12,Australia,New Zealand,1,1.0,0.3700895657809462
584547,c5ca7448110e761fff7eb86290392ac2,2012-12-14,New Zealand,Australia,-1,1.0,0.44758919307144607
584549,98f24abb4b5493cebfc4d475a7bf5880,2012-12-19,New Zealand,Australia,-1,-1.0,0.08649581341502792
593723,a8154ccf94cafd0f5bd24ceb5e5ce8ef,2013-08-20,Australia,England,-1,0.71,-0.5741546610762572
593724,29047b065fcd8d4a3abbc5264e4be39b,2013-08-23,England,Australia,1,0.63,0.38785664213426413
593725,8a2a92b98b74fbe06c0525d1ccc5d36d,2013-08-25,England,Australia,1,-0.56,0.5437873487729644
594894,acc75427635f9d0c6cb7e4f2107e1921,2013-02-01,Sri Lanka,England,0,-0.5,-1.4388225143403441
594897,61ea110a3fbd1f550252d65a91dfe266,2013-02-03,India,England,1,-0.67,-0.4550226343493867
594901,c9b22df6bbfc22f3d3305b1270c7ea06,2013-02-05,India,Sri Lanka,1,-0.5,0.496258249507109
594904,82af3f433c8db5fb7ccc0e2d42c3a297,2013-02-08,England,Australia,0,-0.4,0.8385952754276909
594907,8f4fcde03d93c920327b21c1cd59b57d,2013-02-10,Australia,Sri Lanka,0,-0.33,0.11322147507543012
594912,980f646ec923b0377d02bf578f91e76f,2013-02-13,New Zealand,England,0,-0.38,-0.8017378656959268
594914,84d50aee9c24142801130ab0b7df6180,2013-02-15,New Zealand,England,0,0.33,-0.9164040033584167
627006,1d1b00f90e3c0d29496cbad684c2e4d2,2013-07-01,England,Pakistan,1,0.8,1.141601810774106
627007,e0c18f357f3e218386b2e37af5bf3016,2013-07-03,England,Pakistan,1,-0.67,1.1971871148459383
664303,d83266ba5c1ce1870e59c9d8f7214f87,2013-09-24,South Africa,Bangladesh,1,-0.5,0.414678886756238
666039,164d2a2dd485f5ab6786f033c5fed122,2014-01-19,Australia,England,1,0.75,-0.5819859777971125
666041,6f612877118c8406d536a2bc0bb7a3a3,2014-01-23,Australia,England,1,0.8,-0.6293187066232636
666043,a69a143c50447aafe0147976874e4e62,2014-01-26,Australia,England,1,-0.67,-0.48768042097795616
668511,dea880a59f0f2b5895836c548d8902f8,2013-10-26,Sri Lanka,South Africa,-1,-0.55,-0.3088514176331684
722389,34f08f6fa02f07afe50b6aa740abbfa2,2014-08-21,India,England,-1,0.6,-0.531603218677363
722391,813144173a7fb77909485598f0f279aa,2014-08-23,England,India,1,0.64,0.616967554490611
754787,593d881fccd104bfe1beb58b3405bfda,2014-08-23,Australia,Pakistan,1,-0.71,0.5826917357910907
754789,81fe7f6a593e027282cf73a73b704b90,2014-08-26,Pakistan,Australia,-1,0.75,-0.6239428342930262
757507,efb62432e297080844f102e21d1f8777,2014-10-19,Sri Lanka,South Africa,1,-0.6,-0.5458322965239153
757509,3fa66b72247854bee144de787cdf51f3,2014-10-21,Sri Lanka,South Africa,1,0.67,-0.39114418727222644
798369,acad9b27f3ce307595e58ec23aa1d0f1,2015-07-21,Australia,England,-1,0.58,-0.36405048796356543
798371,3670c8d15798c7ea0df3ce458731a01a,2015-07-23,Australia,England,-1,0.62,-0.4247730287251325
798373,08704f07266b248e22015be1906be62b,2015-07-26,Australia,England,-1,0.57,-0.31448083638212454
808865,967b802c4a036343151630976535fbbb,2015-01-13,Sri Lanka,Pakistan,0,0.0,0.12850223660349339
828245,f6de5819947ee7c6b95f303daff719d3,2015-03-17,Pakistan,South Africa,0,0.5,-0.5636449063983149
872481,e8b0743f89259bdfdba9012a60bf0f4a,2015-07-06,New Zealand,India,-1,0.36,-0.21447957206671012
872483,dbdc75776797f98e0944e9131a42eefa,2015-07-08,New Zealand,India,-1,0.42,-0.3357573192385708
895797,0c8be3e6c92b9a85d4532cfb168e06ec,2016-02-07,India,Australia,-1,-0.69,-0.16989199527828516
907375,46d124da09389c16d5a6d3329b2b49c8,2016-02-07,England,South Africa,-1,-0.5,0.15957015127015128
916647,e33c0e394fa5fba69207ca49550b129b,2015-11-05,Sri Lanka,New Zealand,-1,0.0,0.003508862950429341
916661,9013fcf02e02dbe72adab5e2c39a0d6b,2016-02-20,Australia,New Zealand,-1,-0.5,0.41006241632410056
916663,670c34c7e5b26fbfbc8c84ccccf53cfc,2016-02-22,Australia,New Zealand,-1,-0.33,0.31906880987423064
935813,4f38a7681acd4df3adf906e88a4c2691,2016-10-11,New Zealand,South Africa,-1,0.44,-0.3929176745962708
935817,14f58b837bf48c353c2e44f29e09e0bf,2016-10-17,South Africa,New Zealand,1,0.47,0.449629908443493
935819,d5b6ebdce5ff14cfb1fe205179ddb9ed,2016-10-19,New Zealand,South Africa,-1,0.5,-0.308039011207441
935821,51a037ab6023c878e195aa4e3479e1a2,2016-10-22,South Africa,New Zealand,1,-0.47,0.20627672313209
935823,3c41d4c1fc70b27d350d35ad3ac029c5,2016-10-24,New Zealand,South Africa,-1,0.5,-0.2762216307567663
946545,7056e8555e4b1be7ab6ff4e70d08a2cc,2016-06-20,Pakistan,England,-1,0.53,-0.7568358191120876
946547,91a6aa8028433643db51c74cbdfefba1,2016-06-22,Pakistan,England,-1,-0.56,-0.8100172989353722
946549,dd5d06dcaee4ae885d775ffd9d322935,2016-06-27,Pakistan,England,-1,-0.53,-0.8805597577757802
1041525,9fc01986a7954c9bab51e704e6347a34,2017-01-20,South Africa,Bangladesh,-1,0.0,0.5135758125472412
1043953,e02a2b27bcdc55ec70c6e0cd31850426,2016-11-18,South Africa,Australia,-1,0.71,-0.19777677075438133
1043955,87511af65d3a64c56515de065300f5b4,2016-11-20,Australia,South Africa,1,0.73,0.21047135309915943
1043961,fa74fd8babbd84db87ff0fd73585e673,2016-11-29,Australia,South Africa,1,0.69,0.2783099221505445
1044203,7ee46481518fc69c5487c30d29308759,2016-09-18,Australia,Sri Lanka,-1,-0.71,0.5302485327554182
1044209,46500418f23f4c9d9bdabcab76ea8fd0,2016-09-25,Sri Lanka,Australia,1,-0.75,-0.5653226806457756
1050607,e7b5a79af617df35fdae507bbb3d94d0,2016-11-11,Pakistan,New Zealand,-1,-0.5,-0.26613073866103665
1050609,6a99ce03d29bb26a5bbe3400832d0396,2016-11-13,Pakistan,New Zealand,-1,0.4,-0.3181952021841915
1050611,786081b2cc5cad4667d3eb54b9af4da7,2016-11-17,Pakistan,New Zealand,-1,0.5,-0.35981747099369527
1050623,5ca05e7be9919f8c3b126be516c53e22,2017-02-26,Australia,New Zealand,-1,0.57,0.2897672431442389
1050625,530dae77a7befc0ec084842ef5f1b330,2017-03-02,New Zealand,Australia,1,0.63,-0.21755703322276415
1050627,92bbd920b62c81eac2c40ebbb084a593,2017-03-05,New Zealand,Australia,1,0.67,-0.2563920653040217
1059195,cada9017107da250c683222c9a664bea,2016-11-15,Sri Lanka,England,1,0.7,-0.9709575348751835
1059196,5b4edbfda7f361bcb2b6213051054b0f,2016-11-17,England,Sri Lanka,-1,0.73,0.9925831746271448
1062580,c4d0feb58f1894ed1d718803c992c5fc,2016-11-09,England,Sri Lanka,-1,-0.67,0.9422757971089225
1073401,d0e13985265cabe7d51438fb9f0a338a,2017-02-07,India,Sri Lanka,-1,0.67,0.4828371166391856
1073403,01b103bf424d04e65bae7f8c933212ad,2017-02-07,South Africa,Pakistan,0,0.62,0.4510953808226288
1073408,1458f5df598328ad7e3d046c32ee9e63,2017-02-08,Pakistan,Bangladesh,0,0.53,0.09577919689119171
1073413,2d7b4fa83d2a73f38d7f76b53d8e483b,2017-02-11,Bangladesh,South Africa,0,0.47,-0.5608876160990712
1073421,a27bced1003e756f57b6eaea7447697e,2017-02-15,India,South Africa,0,0.55,0.06866888667105706
1073422,7309535df6b2490859c206c94b657836,2017-02-15,Sri Lanka,Pakistan,1,-0.53,-0.026163371178193614
1073424,4551c06bddc74ec811aaa9315c3973dd,2017-02-17,Sri Lanka,South Africa,1,0.5,-0.4444054630657294
1073425,ad0f77c27c40fc7a1d134e54c14546bd,2017-02-17,India,Bangladesh,0,-0.52,0.6959661192739844
1073427,db7ce5babae2c767a9da18842ef0dc62,2017-02-19,Pakistan,India,0,0.54,-0.6340798505880085
1073428,e3f8696d96236616de97818b01beddab,2017-02-19,Sri Lanka,Bangladesh,1,0.56,0.10906030409991854
1073430,a3af67523a351501ef768945a3cd2713,2017-02-21,India,South Africa,0,-0.56,0.21533844293345333
1085945,8c0c1835ef855458949e107bee53ed32,2017-06-24,Sri Lanka,New Zealand,0,0.5,-0.3594478165104085
1085946,48b7d7d029df8a927484e830a8573c2f,2017-06-24,India,England,-1,0.53,-0.270594765954127
1085947,7da0f7aaeee9b5195af6dcf7575ffd92,2017-06-25,Pakistan,South Africa,0,0.5,-0.4286445924837566
1085949,df562e080a39faca632b0bd0733a8d5d,2017-06-27,Pakistan,England,-1,-0.55,-0.9570147811470912
1085952,6373706ee329a1c4967f227e81d8ea19,2017-06-29,Sri Lanka,Australia,0,0.54,-0.668692594020934
1085953,fc78c4102e516c10fcac39bee788bb24,2017-07-02,Sri Lanka,England,-1,0.57,-0.9673760570384623
1085954,5cd1a67e80042f320da98dad1b967f3d,2017-07-02,New Zealand,Australia,0,0.56,-0.2891434068357595
1085955,cefd466834a8135cca51bf74745579ed,2017-07-02,Pakistan,India,0,-0.58,-0.7863245903784365
1085957,dbaecd1de9e6e40a5051c38f7de5ab54,2017-07-05,England,South Africa,1,0.57,0.5457864636687776
1085958,a03aa4baa02451e35ad7ddf7603d6f8e,2017-07-05,Sri Lanka,India,0,-0.59,-0.8022595138936788
1085959,503ad08eae421251978eae22e19d1653,2017-07-05,Australia,Pakistan,0,0.55,0.7266595858355626
1085961,3f08637ae737786b15dfc692b2e99c4a,2017-07-08,New Zealand,Pakistan,0,-0.55,0.4009438723369639
1085962,8021ed3f38556dc0e759a4440c1a009b,2017-07-08,South Africa,India,0,0.56,-0.38269395737570827
1085963,3adccc80341075e653ca817713c2f000,2017-07-09,England,Australia,1,0.54,0.2626177528122225
1085966,e925dcae8daba13f24fb8464ff00f866,2017-07-12,South Africa,Sri Lanka,0,-0.5,0.43743464001553667
1085967,50896e9a900b5dcfaef8dbbb38b94c7a,2017-07-12,Australia,India,0,-0.5,-0.03352895259216536
1085968,680350d357485788d9f3d9b93b760bf3,2017-07-12,New Zealand,England,-1,-0.51,-0.57957251429778
1085969,0288e2295225800510f1babea87fc8ba,2017-07-15,Australia,South Africa,0,0.51,0.2784851923687702
1085971,822750f0f1962e539bdd09396de9b7c7,2017-07-15,New Zealand,India,0,-0.49,-0.31238691380563743
1085972,37397121148bbd414f04d3f33a0b9a52,2017-07-15,Sri Lanka,Pakistan,0,0.5,0.013738876266257527
1085973,dd0300a3988bd1e171f2f446d703e198,2017-07-18,South Africa,England,-1,0.47,-0.5620727464508262
1085974,332b2d00492556be477618c1fd4ebeaf,2017-07-20,India,Australia,0,0.48,0.004220035125414938
1085975,63cb61dc9a3602404fe45f53da2641a0,2017-07-23,England,India,1,0.47,0.2282180223898979
1086063,c163f77045005458bfb80c16896b1761,2017-10-22,Australia,England,1,-0.65,-0.29538530825883635
1086064,6f404eb14e68af35580e1e90599e9271,2017-10-26,England,Australia,-1,-0.67,0.2659367897727273
1089522,5035583917be6cb5765de02604d4e991,2017-05-09,India,South Africa,-1,-0.5,0.24667264617986118
1089528,352461c5eedd4669087d9c171bbc15eb,2017-05-17,South Africa,India,1,0.5,-0.3185714882927978
1089533,6de35e9073390b19bfe0d6c308756b85,2017-05-21,South Africa,India,1,0.46,-0.24055111252729638
1122904,cd1758167d39644d7cfa7b935f1f3936,2017-10-31,Pakistan,New Zealand,0,-0.67,-0.3881771864088717
1122905,de01cbe52ba2c3ca7a132fbd3b6276d6,2017-11-02,New Zealand,Pakistan,0,-0.5,0.4042352418251452
1122906,602b6555dad80c5b740edaf4766ce0d2,2017-11-05,Pakistan,New Zealand,0,-0.6,-0.4320783497769969
1123204,a675cf84a1de6d97b92e6bc3ebd5f722,2018-02-07,South Africa,India,1,-0.48,-0.29915836045331784
1123205,4e8fe8cbf9a20444bc8497eb93f50617,2018-02-10,India,South Africa,-1,0.46,0.36382455552552806
1126717,e10b1a4ec59b323ce24ba3dba79b2bce,2018-06-09,South Africa,England,-1,-0.46,-0.4402195813997341
1126718,779f45365b3501e544d884c8845e9d53,2018-06-12,South Africa,England,-1,-0.47,-0.40268454382300156
1126719,e11d710b7f4aaa31a005858b4f69965a,2018-06-15,South Africa,England,-1,0.46,-0.4237749256125343
1126727,680602a1dd8805ff8adee0ded5f93f6b,2018-07-07,England,New Zealand,1,0.47,0.5418563080981256
1126728,6f79a60397808b826e017ff87cece327,2018-07-10,New Zealand,England,-1,-0.46,-0.5797397093875245
1126729,8dcf38e1e402b446db8c1be38379851f,2018-07-13,New Zealand,England,-1,-0.45,-0.5993809290283467
1131232,2755d50fb407c2dec05b048cbec07fa7,2018-03-12,India,Australia,1,0.46,0.004528888832997988
1131233,6e82164cb18f1c25d6046a3ca5fe9723,2018-03-15,Australia,India,-1,0.5,0.05247056532786722
1131777,27ec519556e21edab93fe424dbf3c571,2018-04-09,India,England,1,0.47,-0.2779218522368874
1131778,3db07d7c9fcb3c362b71bae0f06fe818,2018-04-12,India,England,1,-0.5,-0.32667201298687604
1138200,85eecf9997f386443dabfe6713c3d491,2018-03-22,Pakistan,Sri Lanka,-1,0.57,-0.020163763919310226
1138201,dd5cad2d0c4de3a774b28e095a45f689,2018-03-24,Pakistan,Sri Lanka,-1,0.55,-0.001467834204519591
1144435,43ad172e6974bcfd10547a6fe5624fc9,2018-05-04,South Africa,Bangladesh,1,0.48,0.537319708029197
1144436,dd76574aa61ae520836f87ca432db68e,2018-05-06,South Africa,Bangladesh,1,-0.47,0.5490604795050271
1144437,db2a5ebde72b04a62a19f04e92a58efd,2018-05-09,Bangladesh,South Africa,-1,0.48,-0.5643291634089133
1144438,de03be9add91b1b086c3fcc10e8ef72c,2018-05-11,South Africa,Bangladesh,1,0.5,0.579493670886076
1144439,3e4191a47e83216fca987f70d2fc13a3,2018-05-14,Bangladesh,South Africa,-1,0.48,-0.5935900839664134
1144982,1bdcc7511cc64df9c753ef12f994205a,2019-02-22,Australia,New Zealand,1,0.63,0.4421880957722798
1144983,917e00e7081d12a86e8a92e6db648905,2019-02-24,Australia,New Zealand,1,0.6,0.44798943086003373
1144984,5d3c55edf0cc10c2c65365acdd7f5c63,2019-03-03,New Zealand,Australia,-1,0.57,-0.4712980514078947
1153855,202c4bc2bb036dc992af61db302d5e3d,2019-01-24,India,New Zealand,-1,-0.62,0.30392347699195077
1153856,1f1e27bcb9d89c7271b2406755766df8,2019-01-29,India,New Zealand,-1,-0.64,0.3425483774363038
1153857,944f8e4e0c4c22d37d9c1129976f3161,2019-02-01,India,New Zealand,-1,0.67,0.3766959755607281
1157706,a4e7a3d831f22ba4fc68d46b66fddc27,2018-09-11,India,Sri Lanka,-1,-0.53,0.6503681442736838
1157707,bd089ebe3b9fe858009883a7a06e2fd4,2018-09-13,Sri Lanka,India,1,-0.55,-0.6780588015698397
1157708,032cdc8474aed0f2bc0784a94f8f0ec1,2018-09-16,India,Sri Lanka,-1,0.53,0.68256225166886
1161229,dd3a5244a4253fc07a5a678820e0fdc5,2018-10-20,Australia,Pakistan,0,1.0,0.7530929979207085
1161230,67f7b68e8b8cea0c4cbc94d324e5c78f,2018-10-22,Australia,Pakistan,0,0.5,0.7725817254237017
1168022,e21e0e3d0da75486c885dd7fb26c1b3d,2019-07-02,England,Australia,1,0.44,0.1062941496312253
1168023,fadcdbb38c2727c338ce27b393e7c38e,2019-07-04,England,Australia,1,0.45,0.0889673906566605
1168024,36e3731f048a07914a093689efb89246,2019-07-07,England,Australia,1,-0.46,0.06798129182029224
1168164,3630443c872ff6fb9954d5c257a2a6cd,2019-02-11,South Africa,Sri Lanka,1,0.5,0.4727157693479769
1168165,08d9e951ce076657abd8870027c8d808,2019-02-14,Sri Lanka,South Africa,-1,-0.49,-0.4800526306138569
1168166,0b46e9a67256b7e19d8b7eb0aecdad12,2019-02-17,Sri Lanka,South Africa,-1,0.47,-0.489601887701729
1172160,83d3d635436eb7b09b966d701384894b,2019-02-22,England,India,-1,-0.53,0.24851121815962793
1172161,97343824ec964ea5153e5cea1f1d43b3,2019-02-25,India,England,1,-0.5,-0.22380624518528922
1172162,706d23b57fc685ca856ade936207a35f,2019-02-28,England,India,-1,-0.53,0.1877992249542848
1176432,42d46174dff54fa59bf76966ec4363dc,2019-03-16,Sri Lanka,England,1,-0.55,-0.8885241647667993
1176433,201c8bc9e676da6b8ebe4bc559754c1c,2019-03-18,England,Sri Lanka,-1,-0.53,0.8996854844864118
1176434,c1b6d563681031522753cf7526da7770,2019-03-21,England,Sri Lanka,-1,-0.54,0.9084042977968948
1177015,d473a2bac0db89f6cee411664178ac2c,2019-05-06,Pakistan,South Africa,-1,-0.49,-0.4944725193859418
1177016,5900c5e92f0020bd561decf4171da972,2019-05-09,South Africa,Pakistan,1,-0.5,0.47045384606361623
1183513,f8e70abf079bbe7d9dc32a8d43fc9046,2019-10-05,Sri Lanka,Australia,-1,-0.59,-0.8407150232152757
1183514,aa9e2c0d527772ec5a7b22867f1396bc,2019-10-07,Sri Lanka,Australia,-1,-0.57,-0.8528922596980821
1183515,5fc781fd8a1a737e8c8091dace8ddd4a,2019-10-09,Australia,Sri Lanka,1,-0.54,0.8606903686230678
1187714,449d08c525485eacb16461fe3f339cb5,2020-01-25,South Africa,New Zealand,-1,-0.69,0.158915656187447
1187715,b1a0b17befef74547a817cd0a445bb87,2020-01-27,South Africa,New Zealand,-1,-0.71,0.17697429482276525
1187716,d460bf588c1011f0df1742d9c541599c,2020-01-30,New Zealand,South Africa,1,0.72,-0.19650494690426057
1200180,4715cb349b3dafa188559fd8e2e0fac6,2019-10-09,South Africa,India,-1,0.55,-0.18913604390681005
1200181,3255bdc50fb636a16ea58f4122ebfabc,2019-10-11,South Africa,India,-1,0.57,-0.21501556335592237
1200182,009d5fec1b7f156ed2df133a48ca34b3,2019-10-14,South Africa,India,-1,-0.59,-0.22543090243090244
1208344,c7aa022543f8547207da6265890c1dbe,2019-12-09,Pakistan,England,0,-0.33,-0.8546960347248248
1208345,5eb6a8f4c841e3c0580b8e37bc9db536,2019-12-12,Pakistan,England,0,-0.25,-0.8636393978052601
1223944,59ca9026c5c9c148f99c107f50da1dfc,2020-10-03,New Zealand,Australia,-1,0.56,-0.5750708437957275
1223945,6c973029fe27f5ccf98ec62bee86b846,2020-10-05,New Zealand,Australia,-1,0.58,-0.5936506761931987
1223946,825043cbdbc73866a9de90e74b6acee9,2020-10-07,New Zealand,Australia,-1,-0.59,-0.6038839129572717
1243909,4284b3af3f56aac31f88f60255184616,2022-03-05,South Africa,Bangladesh,0,0.68,0.6052768925246955
1243910,897a4d0bdb61cbd91cd89b7ed4adf05a,2022-03-05,Australia,England,0,0.66,0.05854682147056375
1243911,6ca4c452bb971431832ea74059652679,2022-03-06,India,Pakistan,0,0.64,0.599287996934838
1243912,345895f46322cc85ed9ba4fc4e4991c9,2022-03-07,Bangladesh,New Zealand,-1,0.62,-0.33286355887833036
1243913,bda3efc97bf1839ff7cf986c8356625b,2022-03-08,Pakistan,Australia,0,0.63,-0.9212116712285879
1243915,bf9373e5e8ae83dcd432ccc614edf462,2022-03-10,New Zealand,India,1,0.62,-0.36060648829182507
1243916,78e2c25a3d815a15d1488eea62c70416,2022-03-11,South Africa,Pakistan,0,0.61,0.516269805993719
1243918,7799fe8a189fca8a084bd2e4f13c42e4,2022-03-13,Australia,New Zealand,-1,0.58,0.6728474041695884
1243919,5098af067a703342b437b943efa10e27,2022-03-14,South Africa,England,0,-0.55,-0.33232660675725473
1243920,9f156606eb070c497a80df56c3997d2c,2022-03-14,Bangladesh,Pakistan,0,0.56,-0.0920441062639104
1243922,84500c187f55bd2dad4a01baf4fa56cd,2022-03-16,England,India,0,-0.57,0.24350839211846287
1243923,2f87b7a35ae045ff6e6a386311311081,2022-03-17,South Africa,New Zealand,-1,-0.58,0.27253802952762624
1243925,fb8fd30399e1b8428a9857d2c619674b,2022-03-19,India,Australia,0,0.57,-0.33749492463146474
1243926,5567c4cba4d6db5e41ee44d0852c2411,2022-03-20,England,New Zealand,-1,-0.58,0.6009040895044324
1243928,1a4cffd6483dd2a0e82b50a69aedac5a,2022-03-22,Australia,South Africa,0,-0.6,0.4103439877105169
1243929,975954adc3702df0e26600d410e905f5,2022-03-22,Bangladesh,India,0,-0.61,-0.6598438570438571
1243931,606395dcc385a592221b871888e7dc25,2022-03-24,England,Pakistan,0,-0.6,0.848860122586167
1243932,45458d7757210e06badf6d425e33d0e4,2022-03-25,Bangladesh,Australia,0,0.6,-1.0085087312506338
1243933,448188cbf794da1c6b107d55c2867bef,2022-03-26,Pakistan,New Zealand,-1,-0.61,-0.24714836872267615
1243934,3f7174a56aac8f18f2da778b851dbdd5,2022-03-27,Bangladesh,England,0,-0.61,-0.9277291173936514
1243935,5b32f32ec55beb373415597c3d812945,2022-03-27,South Africa,India,0,-0.6,-0.07218377095062448
1243937,bd5d604852a830b3af0fb8903b5baa4b,2022-03-31,South Africa,England,0,-0.59,-0.33435904094265045
1243938,d397827a0fb2416bcb4ccbc4767478c5,2022-04-03,England,Australia,0,-0.58,-0.0750136793085326
1244843,74501811b3bc50d8551b6933f8c57f7a,2021-01-20,Pakistan,South Africa,-1,-0.51,-0.4898896120880232
1244844,efb91cdc52e3d19b7bf74f3cdab0c4db,2021-01-23,Pakistan,South Africa,-1,-0.5,-0.49301530476242456
1244845,c4ad9d986168eb4d5e74970577f3788d,2021-01-26,Pakistan,South Africa,-1,-0.49,-0.49765542233622884
1249232,7ad52d663110d1a6e15f952320165dc6,2021-02-23,England,New Zealand,-1,-0.74,0.6284047946478178
1249233,7ab1f6d459c8b66d57cadccb9e0ff5fe,2021-02-26,New Zealand,England,1,0.75,-0.6445120221153018
1249234,2a3f7c276380ba68340f38d25549b20b,2021-02-28,England,New Zealand,-1,0.76,0.658666160588069
1249241,df2e2358c73b5c624061b5a67a018c52,2021-04-04,Australia,New Zealand,-1,-0.77,0.6366762224683397
1249242,a540f93e56c9aeed005a8b81d2f7f1c9,2021-04-07,New Zealand,Australia,1,-0.78,-0.6504538384618881
1249243,b4ddf3ac413efd55b752b21148a0972c,2021-04-10,New Zealand,Australia,1,-0.75,-0.6618216351473047
1253267,e8dde776e667e3e04a98528c054535dd,2021-03-07,India,South Africa,1,0.57,0.20236342019114356
1253268,7fa3240ff1617164b3c513fada1e9670,2021-03-09,South Africa,India,-1,0.58,-0.1772408427692889
1253269,17734a052e525abe8914655b586908ec,2021-03-12,South Africa,India,-1,-0.6,-0.19978410494454238
1253270,4e582518f22c9260f531b19a9e824cc6,2021-03-14,India,South Africa,1,0.62,0.1871317657202481
1253271,5540188764d9a60dc71cc118d527a2ed,2021-03-17,South Africa,India,-1,-0.63,-0.17384845883527364
1260094,159861877ad95c837b48fbb79e5237c0,2021-06-27,England,India,1,-0.45,0.21586574076783518
1260095,05fb1b7721e1c427527f32fe66f95d1d,2021-06-30,England,India,1,-0.46,0.23570723038389538
1260096,923d660a5d1930389f1782e7ff78827c,2021-07-03,India,England,-1,-0.47,-0.2525758663768914
1260103,8286b3745719fe0e63efca21829ee58e,2021-09-16,New Zealand,England,-1,-0.48,-0.6504681518237827
1260104,5190b31235ec84ff946056c1f394c10c,2021-09-19,New Zealand,England,-1,-0.47,-0.654512390166654
1260105,1021d349227088ba9344355cbcb98ddb,2021-09-21,England,New Zealand,1,0.46,0.6581236124140931
1260106,822dae501d56ba6646d2a0b79e6c374d,2021-09-23,New Zealand,England,-1,0.47,-0.6426757282046843
1260107,ae537d2a0f3d41b3b71b9096d4a81ff4,2021-09-26,England,New Zealand,1,0.48,0.6463263784699964
1263575,054f1e4d908d50aa0f3ea624215483ae,2022-02-03,Australia,England,1,0.61,0.017136648452998327
1263576,55a22ce68c2581ef66610c3382fdfe32,2022-02-06,Australia,England,1,-0.59,0.026589284765550995
1263577,a94e70f77faecd413bf24921f0d8938a,2022-02-08,England,Australia,-1,0.61,-0.040740661703913904
1263617,26ed1d52533fdb07f4d265752d29b0e4,2021-09-21,Australia,India,1,-0.57,0.25472334849407974
1263618,4256b61d41b6c15bceabb48e4744baa6,2021-09-24,Australia,India,1,-0.59,0.276107002904725
1263619,5ca19434cad3b5375832c461969f5de7,2021-09-26,Australia,India,1,0.6,0.28701216346119274
1286901,4ed19f245bb5391406d1baebb623cf44,2021-11-21,Bangladesh,Pakistan,0,-0.6,-0.11685364552459988
1289032,1feaf477be182d174067db9468d2d617,2022-02-12,New Zealand,India,1,0.72,-0.4055982597024793
1289033,9b9d7ce969891b0437194320551a482d,2022-02-15,India,New Zealand,-1,0.69,0.39132595398783493
1289034,9ddc8197b9c00789e0cd8534a3289fb9,2022-02-18,India,New Zealand,-1,0.7,0.3815547555567142
1289035,dc5a709024f944fa1c1c64526117b5d2,2022-02-22,New Zealand,India,1,0.71,-0.3676647810741751
1289036,af8c6ae61fa83b102e05bfe62c0c4831,2022-02-24,New Zealand,India,1,0.69,-0.35059105123339657
1301328,a812a575b85d8e145a22653087dcb2bc,2022-07-11,South Africa,England,-1,0.47,-0.33450644856788914
1301329,b575dc06e2cacc43c3ddd7cc534f650a,2022-07-15,England,South Africa,1,0.48,0.3409078614797203
1301330,61a3b78fe4518b4da90325395c710fa8,2022-07-18,South Africa,England,-1,-0.47,-0.34994645104468425
1301337,06a00ac2f5b57eb14f616b1ce6f64488,2022-09-18,England,India,1,0.46,0.25914459370873594
1301338,1d5e18e03f1e03636d52f5b0dbbeaaf5,2022-09-21,India,England,-1,0.47,-0.24957349017630276
1301339,fdaf7dbafe7bbbf7d215a838340c0287,2022-09-24,India,England,-1,0.47,-0.2376966460959308
1310984,8656bf0bfbd6d0a3e3059b8ebb6bb8a6,2022-06-01,Sri Lanka,Pakistan,-1,0.5,-0.01080510292906277
1310985,076792361f5e40da96661646f86d1cc0,2022-06-03,Pakistan,Sri Lanka,1,0.6,0.018429081432820724
1310986,4aae0077e9863d6fdbd7f2d5bc0b9074,2022-06-05,Sri Lanka,Pakistan,-1,0.5,-0.026385593826674734
1319712,9ed37f148c54ddc27a49f623a0de78eb,2022-07-01,India,Sri Lanka,-1,-0.56,0.6004885114115447
1319713,4b8945881b195fcf5ad44be0416502d9,2022-07-04,India,Sri Lanka,-1,-0.57,0.6054792373791622
1319714,c0b347b95fece1bfdfce9854c3a820b9,2022-07-07,Sri Lanka,India,1,-0.58,-0.6146614909326003
1322341,50aaebe478b29982117258fe0611dbcb,2022-12-11,Bangladesh,New Zealand,-1,0.57,-0.324976859823698
1336077,df812e5cebf8e376377b704fae8b4a53,2023-07-12,England,Australia,1,-0.46,-0.10814701360853661
1336078,7f621055c9f62c894ca7bb7bb1e046ac,2023-07-16,England,Australia,1,-0.47,-0.10115302349209868
1336079,8fe7f57585f1a060b7b14158790c23e8,2023-07-18,Australia,England,-1,-0.46,0.10418156939508987
1336083,1b40c90388c02daabe810bf6a8d02d8d,2023-09-09,Sri Lanka,England,-1,0.45,-0.8439747402111938
1336085,8cda97a954f29c85a94fb322e2f4e432,2023-09-14,Sri Lanka,England,-1,-0.46,-0.8496502709932905
1345092,817c28ebcd3b76a186d7514a5cebb384,2023-01-16,Australia,Pakistan,1,-0.62,0.9341438092845609
1345093,4031e09779f41797e05616105e5434c0,2023-01-18,Australia,Pakistan,1,-0.63,0.9401731086807842
1345094,44999c93baa71fb62e0a5899a5342e4c,2023-01-21,Australia,Pakistan,1,0.64,0.9492823947369118
1368851,f982a7ea595652003701fcf20e7c6bd0,2023-05-04,Bangladesh,Sri Lanka,-1,-0.56,-0.06253190689056223
1375872,4da4322c914811f77448a12f9fc9f93f,2024-02-03,South Africa,Australia,-1,0.64,-0.4332395123167664
1375873,903c5d687924309ca69f883aef47037f,2024-02-07,South Africa,Australia,-1,0.65,-0.440965448237419
1375874,02b0c409cac0ff195e5cbd9e08145fe9,2024-02-10,Australia,South Africa,1,0.63,0.43054219021122164
1379757,6c4bd3e07387e491fc02aab38abfe972,2023-06-27,Sri Lanka,New Zealand,1,-0.55,-0.2625789402830056
1379758,86aa0fb9fc90792afdc60829a0bcf190,2023-06-30,Sri Lanka,New Zealand,1,-0.56,-0.2546287256063131
1379759,8d6b9ab25b402994e1d26819cb2e5001,2023-07-03,New Zealand,Sri Lanka,-1,0.55,0.2603316434571617
1382166,cb7088b248e57fa75a855b689404a3c5,2023-07-16,Bangladesh,India,1,0.5,-0.6926837877189945
1382167,c0a17ead4933039e66b3a4eb07e12db3,2023-07-19,India,Bangladesh,-1,0.33,0.674315718880747
1382169,8573361f4ec86b909ebdafa69faad4b7,2023-09-08,South Africa,Pakistan,-1,0.5,0.5025090964624688
1382170,a4febd5c34a864be42ad12cc72e05ebb,2023-09-11,South Africa,Pakistan,-1,-0.45,0.5078797044134465
1382171,2792ddaf93f84c4fdf8acb6cd150c918,2023-09-14,Pakistan,South Africa,1,-0.5,-0.5118526011828057
1388199,8f745646c213a4f62292ad5636054ef3,2023-12-12,New Zealand,Pakistan,1,0.57,0.24432090740509896
1388200,a81894163f25f5b138f865fed0bc61d7,2023-12-15,Pakistan,New Zealand,-1,0.56,-0.2501524260525826
1388207,3b6ff7bee26ff82df8888563027943a9,2024-04-01,New Zealand,England,1,0.57,-0.5906404926899108
1388208,29ab9838abc6c841f1f5e8e3839d160b,2024-04-04,New Zealand,England,1,-0.58,-0.5940360369434327
1388209,80a28c8001f2ba035ea537a93d7075f8,2024-04-07,England,New Zealand,-1,0.57,0.5958759402998565
1392348,2506204fd0cbd6e32346e3b8c5c28f21,2023-09-24,South Africa,New Zealand,1,-0.48,0.2548887238309042
1392349,f37f9ca7ce9306f69cfb1d0bbc4878c9,2023-09-28,New Zealand,South Africa,-1,0.49,-0.258660649732467
1392350,6f05232e4c8b93589028d8aba2092999,2023-10-01,South Africa,New Zealand,1,0.5,0.2643944460126386
1398258,17b2721d0ac6bf3c6f3a79017b8801f9,2023-12-16,Bangladesh,South Africa,-1,0.51,-0.564435915091498
1398259,9c3749e34bb1925c4ff2519a68308b70,2023-12-20,Bangladesh,South Africa,-1,0.5,-0.5464337567485489
1398260,1ae10690bdd75634803b0e4ff194c167,2023-12-23,Bangladesh,South Africa,-1,-0.51,-0.5491395040912578
1398266,04b63b6c10980d37fa6a8a1a8183d10f,2024-04-13,South Africa,Sri Lanka,1,-0.5,0.5104518241191538
1398267,bef88baf7206ef91b73e3f236dc5ecb1,2024-04-17,South Africa,Sri Lanka,1,0.51,0.5142058563974216
1398271,3fe9ffae4b677237e1e883cccf871df8,2024-05-23,England,Pakistan,1,0.46,0.8408278326330533
1398273,2ee208813bba031dabee15be7c1b82fc,2024-05-29,England,Pakistan,1,0.45,0.8415925713968543
1398274,107c93f7db34f9dd3c6e4c9612ae8594,2024-06-26,New Zealand,England,-1,0.44,-0.5910370892688785
1398275,74dd0fcc232e3816e118f61c954b494b,2024-06-30,New Zealand,England,-1,0.45,-0.5967154447539106
1398276,e6704712b68bef6bec877a44f22a09f1,2024-07-03,England,New Zealand,1,-0.46,0.6013643678839007
1405124,b965001769db1449d9f1f098e7b0b224,2023-11-04,Pakistan,Bangladesh,-1,-0.25,0.07080966513688575
1405126,49a2094f9aa8e6c3932f8f3463577427,2023-11-10,Pakistan,Bangladesh,-1,0.4,0.07534738426077067
1406078,e5f598521ac88606e385160ad39e202d,2023-12-28,India,Australia,1,0.64,-0.3270384177604594
1406079,69fc4c5a8f439263e30364eda64681d3,2023-12-30,Australia,India,-1,0.66,0.33465576759605575
1406080,52633c71a7618ea20e38d495192866f0,2024-01-02,Australia,India,-1,0.63,0.33843541653607473
1425061,adb87e1f12fc86872bd07c8995cc00c1,2024-03-21,Bangladesh,Australia,1,-0.5,-0.9886779993483188
1425062,91e3b43418a2aeacfb450c1f7a1b939c,2024-03-24,Australia,Bangladesh,-1,-0.43,0.9939421485319542
1425063,8cb9a3788cd20e2efcac829ddf96c1aa,2024-03-27,Bangladesh,Australia,1,0.5,-0.9984382629761475
1426620,95a9c250a78c0a8717bfe79c821dc4c4,2024-12-05,India,Australia,-1,0.62,-0.3485823731754861
1426621,99913840156a8b2db5a6f91f80b45e81,2024-12-08,Australia,India,1,0.63,0.3551831612020568
1426622,5ef905a036d47255b95c99e64b2b71bc,2024-12-11,Australia,India,1,0.61,0.3611389993917275
1426623,d665b6eb910e8001de0e23bffda62116,2025-01-12,Australia,England,1,-0.6,0.10655943428407252
1426624,878ec6343c562136a6ba21e35b1610c1,2025-01-14,Australia,England,1,0.61,0.1113046909537454
1426625,8fbaaa4eb15a11d7be417d7e954724c9,2025-01-17,Australia,England,1,0.6,0.11343073159366265
1432228,a38345eb5cbcf7aa42a972e6c29aa7de,2024-12-04,England,South Africa,-1,0.52,0.3547516902613877
1432229,bcfb11b8a66b57442b733874a2f3cfd5,2024-12-08,England,South Africa,-1,-0.53,0.34974124816534535
1432230,2937a6fdbf9c3cf5e08c73d8991014fd,2024-12-11,South Africa,England,1,0.54,-0.35319436939320525
1434287,ad82e5e8bd24b1b69951c59ed2aec832,2024-06-16,India,South Africa,1,0.61,0.0868660738883565
1434288,1ba82822d6e9274971e2916f24045154,2024-06-19,India,South Africa,1,0.59,0.09372807786780735
1434289,40eeebbf211198b910a7359870c3c730,2024-06-23,South Africa,India,-1,0.58,-0.09795048838778143
1443566,df8cd78db5faf133b0e62220f2951fc8,2024-12-21,Australia,New Zealand,-1,0.58,0.7086545263649564
1443567,0df6e8a75d3893b7a7204f973c4afe5c,2024-12-23,New Zealand,Australia,1,-0.57,-0.7115475026736191
1443569,20c7c0dd5ac790fc1353bff87acdf4a2,2025-03-07,New Zealand,Sri Lanka,1,0.56,0.24923998501076722
1443570,8485a3be0ea0a218088dc0adbbe028fe,2025-03-09,Sri Lanka,New Zealand,-1,-0.55,-0.2524131340610163
1448402,cc2aeb39361eb242cb9cad75313b9935,2025-07-16,England,India,1,0.46,0.25008785426840713
1448403,38ab7f43703b25df46d9f8805974223a,2025-07-19,India,England,-1,0.47,-0.24753039067001736
1448404,0bf681c54f78f9c79acae89ed7282e1c,2025-07-22,England,India,1,-0.47,0.25174362939938627
1454391,ad624fe8bcfb061a5cffc0c340f61b27,2024-10-24,New Zealand,India,-1,-0.59,-0.3517718208599506
1454392,5f070422802a3512dfac930396a051c8,2024-10-27,India,New Zealand,1,-0.57,0.354954926619342
1454393,0b76dc14afc0daa61cfa2c18ccc94568,2024-10-29,India,New Zealand,1,-0.56,0.3483250731707317
1476980,01220b16b69292f88e8c24b7c2da8324,2025-04-27,Sri Lanka,India,1,0.57,-0.5938004801191181
1476981,0f3e4dd6ee0b7c0d6a87564d5856769c,2025-04-29,South Africa,India,0,-0.57,-0.09527695449406533
1476982,e81576fd0a3391da62ea6513720393b6,2025-05-02,Sri Lanka,South Africa,1,-0.56,-0.5013421428059359
1476983,501dbc265f8cc0d4f8f064eec38e1311,2025-05-04,India,Sri Lanka,-1,0.57,0.5969852572102679
1476984,c0eeebaa98ca1b3bbf0043a629bbf542,2025-05-07,India,South Africa,0,0.58,0.09825551539471179
1476985,16694e02b3075c2aec946114d84e67b9,2025-05-09,Sri Lanka,South Africa,1,-0.57,-0.49195365037686595
1476986,845cc2cda924681171a29f7bd9ee201f,2025-05-11,India,Sri Lanka,-1,0.56,0.5921244753821885
1477022,55aefc964857cc34327b7e9f81b6692c,2025-04-19,Bangladesh,Pakistan,-1,0.43,-0.055767895596076436
1488248,65b25c743b2a7c345c06ba111acf4769,2025-09-14,India,Australia,1,0.53,-0.3684439907561145
1488249,771435a6d8d439bf6c9808b73e357d93,2025-09-17,India,Australia,1,0.55,-0.37201895821950054
1488250,cb572e88f02422d5284a434b964c7950,2025-09-20,Australia,India,-1,0.53,0.3661339008086669
1490413,c41afdf28e83c7ed631ca36fa6dbd7ac,2025-09-30,India,Sri Lanka,1,0.52,0.5915527869633735
1490414,75555810a8973c7f6a881abd8a0518f9,2025-10-01,Australia,New Zealand,0,0.51,0.7080637415858337
1490415,e2bf5e723dd9bf0ad2971e0195e52b4a,2025-10-02,Pakistan,Bangladesh,0,0.55,0.06053874140252285
1490416,668fb1a244b599ac7644ebdd81e366b4,2025-10-03,England,South Africa,0,-0.5,0.3466722624565469
1490418,9824bf9a5b84c4cc16c46833407929e3,2025-10-05,India,Pakistan,0,0.56,0.586528881331202
1490419,6be8cd22f32cf3208d36576ccec18574,2025-10-06,New Zealand,South Africa,0,0.51,-0.2425886891498416
1490420,3ae4b61442d2a78c68cd47b75ecfcab2,2025-10-07,England,Bangladesh,0,-0.52,0.8900195087935729
1490421,c6cf08e8dd9392837ae646ed62173597,2025-10-08,Australia,Pakistan,0,0.55,0.9543320548069338
1490422,1c385dd2eed6011e50efb10b26da24db,2025-10-09,India,South Africa,1,0.53,0.09972661916969795
1490423,82b7a351dcfbcdb73bf26974fe0aeabe,2025-10-10,Bangladesh,New Zealand,0,-0.54,-0.29603776164238693
1490424,6372b206bb077a6b9ddb8ec6b19f3be4,2025-10-11,England,Sri Lanka,-1,0.54,0.845043588412152
1490425,07ea65b391ae625d407b17298e07ffb2,2025-10-12,Australia,India,-1,-0.53,0.3697509885745016
1490426,d5a350bb06ed6913ecfb4c49af745c26,2025-10-13,South Africa,Bangladesh,0,-0.54,0.5432400511342163
1490429,47a3a1ecdad8a242a71c7b24636e1554,2025-10-16,Bangladesh,Australia,0,0.55,-1.0100087428440006
1490430,853d60c665c375488659002b82e33fbc,2025-10-17,South Africa,Sri Lanka,-1,-0.53,0.49692537431116574
1490432,a5949558b3e44f7ff377fdaa272a995f,2025-10-19,India,England,1,-0.55,-0.25519076947367525
1490433,79c11be795551d769abfb2a340b020e3,2025-10-20,Bangladesh,Sri Lanka,0,-0.54,-0.047360641066730824
1490434,c4b1a6536ed31ecd8114fad1a53a89d0,2025-10-21,Pakistan,South Africa,0,-0.53,-0.4914546694879332
1490435,b37893d67425f7bf5552d40fc10a9c86,2025-10-22,England,Australia,0,0.53,-0.12034135067757092
1490436,630073801b0bb7d8566a87048a33dfb5,2025-10-23,New Zealand,India,-1,-0.54,-0.33796889996208634
1490438,abcd475b790c18a4fb5e10dd206c75a5,2025-10-25,South Africa,Australia,0,0.53,-0.46840388804357436
1490439,66df79162fdc4528c2546573f5c03362,2025-10-26,England,New Zealand,0,-0.54,0.593618388110901
1490441,0b8541fdad34ac264b02801697ab658b,2025-10-29,England,South Africa,0,-0.55,0.34734605696383253
1490442,3a1eb3da638f66392455d1eaf8d23d32,2025-10-30,India,Australia,1,-0.54,-0.3777151935218399
1490443,f03dd0c2940b950d1668c6744d4a59bc,2025-11-02,India,South Africa,1,0.55,0.09458589935550668
1500387,2dda2509fe7e744b61b3404a34718818,2025-09-16,Pakistan,South Africa,1,0.45,-0.4884557300569751
1500388,1fb22dc2953abda69f517b600c07d91b,2025-09-19,South Africa,Pakistan,-1,0.47,0.4899609382045485
1500389,3e3a53fd62210613aa0cf072026a74e4,2025-09-22,Pakistan,South Africa,1,-0.45,-0.4924025779984047
