match_id,hash_id,result
271466,f5d88ce94b35ab7c708760ff4dfea0c1,False
341306,fe5e3aeb2351b016a68cd3871b7f5e4d,True
527679,2e83993918d8f7df7d65b1c71ec07101,False
527680,60733805acc69f50ebef033d2b24f043,False
527681,c5495e507fb7b97b618433cac9d1dad1,False
542852,7cecebfb3ad8075a6428accc3e7b7a2f,False
542853,3e8ff5c732a280f8027798b025184d90,False
542854,871f136a2d07877840b9f9815413ce79,False
542856,cf654d2e708316d21027c30a4ca04246,True
584546,62fb4914cb9d49250d194c1a460802ec,False
584547,c5ca7448110e761fff7eb86290392ac2,False
584549,98f24abb4b5493cebfc4d475a7bf5880,False
593723,a8154ccf94cafd0f5bd24ceb5e5ce8ef,True
593724,29047b065fcd8d4a3abbc5264e4be39b,True
593725,8a2a92b98b74fbe06c0525d1ccc5d36d,True
594894,acc75427635f9d0c6cb7e4f2107e1921,True
594897,61ea110a3fbd1f550252d65a91dfe266,False
594901,c9b22df6bbfc22f3d3305b1270c7ea06,False
594904,82af3f433c8db5fb7ccc0e2d42c3a297,False
594907,8f4fcde03d93c920327b21c1cd59b57d,True
594912,980f646ec923b0377d02bf578f91e76f,False
594914,84d50aee9c24142801130ab0b7df6180,False
627006,1d1b00f90e3c0d29496cbad684c2e4d2,True
627007,e0c18f357f3e218386b2e37af5bf3016,True
664303,d83266ba5c1ce1870e59c9d8f7214f87,True
666039,164d2a2dd485f5ab6786f033c5fed122,False
666041,6f612877118c8406d536a2bc0bb7a3a3,True
666043,a69a143c50447aafe0147976874e4e62,True
668511,dea880a59f0f2b5895836c548d8902f8,False
722389,34f08f6fa02f07afe50b6aa740abbfa2,False
722391,813144173a7fb77909485598f0f279aa,True
754787,593d881fccd104bfe1beb58b3405bfda,True
754789,81fe7f6a593e027282cf73a73b704b90,False
757507,efb62432e297080844f102e21d1f8777,True
757509,3fa66b72247854bee144de787cdf51f3,False
798369,acad9b27f3ce307595e58ec23aa1d0f1,False
798371,3670c8d15798c7ea0df3ce458731a01a,True
798373,08704f07266b248e22015be1906be62b,True
808865,967b802c4a036343151630976535fbbb,False
828245,f6de5819947ee7c6b95f303daff719d3,False
872481,e8b0743f89259bdfdba9012a60bf0f4a,False
872483,dbdc75776797f98e0944e9131a42eefa,False
895797,0c8be3e6c92b9a85d4532cfb168e06ec,True
907375,46d124da09389c16d5a6d3329b2b49c8,True
916647,e33c0e394fa5fba69207ca49550b129b,False
916661,9013fcf02e02dbe72adab5e2c39a0d6b,False
916663,670c34c7e5b26fbfbc8c84ccccf53cfc,True
935813,4f38a7681acd4df3adf906e88a4c2691,False
935817,14f58b837bf48c353c2e44f29e09e0bf,False
935819,d5b6ebdce5ff14cfb1fe205179ddb9ed,True
935821,51a037ab6023c878e195aa4e3479e1a2,True
935823,3c41d4c1fc70b27d350d35ad3ac029c5,True
946545,7056e8555e4b1be7ab6ff4e70d08a2cc,False
946547,91a6aa8028433643db51c74cbdfefba1,False
946549,dd5d06dcaee4ae885d775ffd9d322935,False
1041525,9fc01986a7954c9bab51e704e6347a34,True
1043953,e02a2b27bcdc55ec70c6e0cd31850426,False
1043955,87511af65d3a64c56515de065300f5b4,True
1043961,fa74fd8babbd84db87ff0fd73585e673,True
1044203,7ee46481518fc69c5487c30d29308759,True
1044209,46500418f23f4c9d9bdabcab76ea8fd0,False
1050607,e7b5a79af617df35fdae507bbb3d94d0,False
1050609,6a99ce03d29bb26a5bbe3400832d0396,False
1050611,786081b2cc5cad4667d3eb54b9af4da7,False
1050623,5ca05e7be9919f8c3b126be516c53e22,False
1050625,530dae77a7befc0ec084842ef5f1b330,False
1050627,92bbd920b62c81eac2c40ebbb084a593,False
1059195,cada9017107da250c683222c9a664bea,False
1059196,5b4edbfda7f361bcb2b6213051054b0f,True
1062580,c4d0feb58f1894ed1d718803c992c5fc,True
1073401,d0e13985265cabe7d51438fb9f0a338a,True
1073403,01b103bf424d04e65bae7f8c933212ad,True
1073408,1458f5df598328ad7e3d046c32ee9e63,True
1073413,2d7b4fa83d2a73f38d7f76b53d8e483b,False
1073421,a27bced1003e756f57b6eaea7447697e,True
1073422,7309535df6b2490859c206c94b657836,True
1073424,4551c06bddc74ec811aaa9315c3973dd,False
1073425,ad0f77c27c40fc7a1d134e54c14546bd,True
1073427,db7ce5babae2c767a9da18842ef0dc62,False
1073428,e3f8696d96236616de97818b01beddab,True
1073430,a3af67523a351501ef768945a3cd2713,True
1085945,8c0c1835ef855458949e107bee53ed32,False
1085946,48b7d7d029df8a927484e830a8573c2f,True
1085947,7da0f7aaeee9b5195af6dcf7575ffd92,False
1085949,df562e080a39faca632b0bd0733a8d5d,False
1085952,6373706ee329a1c4967f227e81d8ea19,False
1085953,fc78c4102e516c10fcac39bee788bb24,False
1085954,5cd1a67e80042f320da98dad1b967f3d,False
1085955,cefd466834a8135cca51bf74745579ed,False
1085957,dbaecd1de9e6e40a5051c38f7de5ab54,True
1085958,a03aa4baa02451e35ad7ddf7603d6f8e,False
1085959,503ad08eae421251978eae22e19d1653,True
1085961,3f08637ae737786b15dfc692b2e99c4a,True
1085962,8021ed3f38556dc0e759a4440c1a009b,True
1085963,3adccc80341075e653ca817713c2f000,True
1085966,e925dcae8daba13f24fb8464ff00f866,True
1085967,50896e9a900b5dcfaef8dbbb38b94c7a,True
1085968,680350d357485788d9f3d9b93b760bf3,False
1085969,0288e2295225800510f1babea87fc8ba,True
1085971,822750f0f1962e539bdd09396de9b7c7,False
1085972,37397121148bbd414f04d3f33a0b9a52,True
1085973,dd0300a3988bd1e171f2f446d703e198,False
1085974,332b2d00492556be477618c1fd4ebeaf,True
1085975,63cb61dc9a3602404fe45f53da2641a0,True
1086063,c163f77045005458bfb80c16896b1761,True
1086064,6f404eb14e68af35580e1e90599e9271,False
1089522,5035583917be6cb5765de02604d4e991,True
1089528,352461c5eedd4669087d9c171bbc15eb,True
1089533,6de35e9073390b19bfe0d6c308756b85,False
1122904,cd1758167d39644d7cfa7b935f1f3936,False
1122905,de01cbe52ba2c3ca7a132fbd3b6276d6,True
1122906,602b6555dad80c5b740edaf4766ce0d2,True
1123204,a675cf84a1de6d97b92e6bc3ebd5f722,False
1123205,4e8fe8cbf9a20444bc8497eb93f50617,False
1126717,e10b1a4ec59b323ce24ba3dba79b2bce,True
1126718,779f45365b3501e544d884c8845e9d53,False
1126719,e11d710b7f4aaa31a005858b4f69965a,False
1126727,680602a1dd8805ff8adee0ded5f93f6b,True
1126728,6f79a60397808b826e017ff87cece327,False
1126729,8dcf38e1e402b446db8c1be38379851f,True
1131232,2755d50fb407c2dec05b048cbec07fa7,False
1131233,6e82164cb18f1c25d6046a3ca5fe9723,True
1131777,27ec519556e21edab93fe424dbf3c571,False
1131778,3db07d7c9fcb3c362b71bae0f06fe818,True
1138200,85eecf9997f386443dabfe6713c3d491,True
1138201,dd5cad2d0c4de3a774b28e095a45f689,True
1144435,43ad172e6974bcfd10547a6fe5624fc9,True
1144436,dd76574aa61ae520836f87ca432db68e,True
1144437,db2a5ebde72b04a62a19f04e92a58efd,False
1144438,de03be9add91b1b086c3fcc10e8ef72c,True
1144439,3e4191a47e83216fca987f70d2fc13a3,False
1144982,1bdcc7511cc64df9c753ef12f994205a,True
1144983,917e00e7081d12a86e8a92e6db648905,True
1144984,5d3c55edf0cc10c2c65365acdd7f5c63,False
1153855,202c4bc2bb036dc992af61db302d5e3d,True
1153856,1f1e27bcb9d89c7271b2406755766df8,True
1153857,944f8e4e0c4c22d37d9c1129976f3161,False
1157706,a4e7a3d831f22ba4fc68d46b66fddc27,True
1157707,bd089ebe3b9fe858009883a7a06e2fd4,False
1157708,032cdc8474aed0f2bc0784a94f8f0ec1,False
1161229,dd3a5244a4253fc07a5a678820e0fdc5,True
1161230,67f7b68e8b8cea0c4cbc94d324e5c78f,True
1168022,e21e0e3d0da75486c885dd7fb26c1b3d,False
1168023,fadcdbb38c2727c338ce27b393e7c38e,False
1168024,36e3731f048a07914a093689efb89246,False
1168164,3630443c872ff6fb9954d5c257a2a6cd,True
1168165,08d9e951ce076657abd8870027c8d808,False
1168166,0b46e9a67256b7e19d8b7eb0aecdad12,False
1172160,83d3d635436eb7b09b966d701384894b,False
1172161,97343824ec964ea5153e5cea1f1d43b3,True
1172162,706d23b57fc685ca856ade936207a35f,True
1176432,42d46174dff54fa59bf76966ec4363dc,False
1176433,201c8bc9e676da6b8ebe4bc559754c1c,True
1176434,c1b6d563681031522753cf7526da7770,True
1177015,d473a2bac0db89f6cee411664178ac2c,True
1177016,5900c5e92f0020bd561decf4171da972,True
1183513,f8e70abf079bbe7d9dc32a8d43fc9046,False
1183514,aa9e2c0d527772ec5a7b22867f1396bc,False
1183515,5fc781fd8a1a737e8c8091dace8ddd4a,True
1187714,449d08c525485eacb16461fe3f339cb5,True
1187715,b1a0b17befef74547a817cd0a445bb87,True
1187716,d460bf588c1011f0df1742d9c541599c,False
1200180,4715cb349b3dafa188559fd8e2e0fac6,False
1200181,3255bdc50fb636a16ea58f4122ebfabc,False
1200182,009d5fec1b7f156ed2df133a48ca34b3,False
1208344,c7aa022543f8547207da6265890c1dbe,False
1208345,5eb6a8f4c841e3c0580b8e37bc9db536,False
1223944,59ca9026c5c9c148f99c107f50da1dfc,False
1223945,6c973029fe27f5ccf98ec62bee86b846,False
1223946,825043cbdbc73866a9de90e74b6acee9,False
1243909,4284b3af3f56aac31f88f60255184616,True
1243910,897a4d0bdb61cbd91cd89b7ed4adf05a,True
1243911,6ca4c452bb971431832ea74059652679,True
1243912,345895f46322cc85ed9ba4fc4e4991c9,False
1243913,bda3efc97bf1839ff7cf986c8356625b,False
1243915,bf9373e5e8ae83dcd432ccc614edf462,True
1243916,78e2c25a3d815a15d1488eea62c70416,True
1243918,7799fe8a189fca8a084bd2e4f13c42e4,True
1243919,5098af067a703342b437b943efa10e27,True
1243920,9f156606eb070c497a80df56c3997d2c,True
1243922,84500c187f55bd2dad4a01baf4fa56cd,True
1243923,2f87b7a35ae045ff6e6a386311311081,True
1243925,fb8fd30399e1b8428a9857d2c619674b,False
1243926,5567c4cba4d6db5e41ee44d0852c2411,True
1243928,1a4cffd6483dd2a0e82b50a69aedac5a,True
1243929,975954adc3702df0e26600d410e905f5,False
1243931,606395dcc385a592221b871888e7dc25,True
1243932,45458d7757210e06badf6d425e33d0e4,False
1243933,448188cbf794da1c6b107d55c2867bef,False
1243934,3f7174a56aac8f18f2da778b851dbdd5,False
1243935,5b32f32ec55beb373415597c3d812945,True
1243937,bd5d604852a830b3af0fb8903b5baa4b,False
1243938,d397827a0fb2416bcb4ccbc4767478c5,False
1244843,74501811b3bc50d8551b6933f8c57f7a,False
1244844,efb91cdc52e3d19b7bf74f3cdab0c4db,False
1244845,c4ad9d986168eb4d5e74970577f3788d,False
1249232,7ad52d663110d1a6e15f952320165dc6,True
1249233,7ab1f6d459c8b66d57cadccb9e0ff5fe,False
1249234,2a3f7c276380ba68340f38d25549b20b,False
1249241,df2e2358c73b5c624061b5a67a018c52,True
1249242,a540f93e56c9aeed005a8b81d2f7f1c9,False
1249243,b4ddf3ac413efd55b752b21148a0972c,False
1253267,e8dde776e667e3e04a98528c054535dd,False
1253268,7fa3240ff1617164b3c513fada1e9670,False
1253269,17734a052e525abe8914655b586908ec,True
1253270,4e582518f22c9260f531b19a9e824cc6,False
1253271,5540188764d9a60dc71cc118d527a2ed,True
1260094,159861877ad95c837b48fbb79e5237c0,True
1260095,05fb1b7721e1c427527f32fe66f95d1d,True
1260096,923d660a5d1930389f1782e7ff78827c,True
1260103,8286b3745719fe0e63efca21829ee58e,False
1260104,5190b31235ec84ff946056c1f394c10c,False
1260105,1021d349227088ba9344355cbcb98ddb,False
1260106,822dae501d56ba6646d2a0b79e6c374d,False
1260107,ae537d2a0f3d41b3b71b9096d4a81ff4,True
1263575,054f1e4d908d50aa0f3ea624215483ae,True
1263576,55a22ce68c2581ef66610c3382fdfe32,True
1263577,a94e70f77faecd413bf24921f0d8938a,False
1263617,26ed1d52533fdb07f4d265752d29b0e4,True
1263618,4256b61d41b6c15bceabb48e4744baa6,True
1263619,5ca19434cad3b5375832c461969f5de7,False
1286901,4ed19f245bb5391406d1baebb623cf44,True
1289032,1feaf477be182d174067db9468d2d617,True
1289033,9b9d7ce969891b0437194320551a482d,False
1289034,9ddc8197b9c00789e0cd8534a3289fb9,False
1289035,dc5a709024f944fa1c1c64526117b5d2,True
1289036,af8c6ae61fa83b102e05bfe62c0c4831,False
1301328,a812a575b85d8e145a22653087dcb2bc,False
1301329,b575dc06e2cacc43c3ddd7cc534f650a,True
1301330,61a3b78fe4518b4da90325395c710fa8,False
1301337,06a00ac2f5b57eb14f616b1ce6f64488,False
1301338,1d5e18e03f1e03636d52f5b0dbbeaaf5,True
1301339,fdaf7dbafe7bbbf7d215a838340c0287,True
1310984,8656bf0bfbd6d0a3e3059b8ebb6bb8a6,False
1310985,076792361f5e40da96661646f86d1cc0,True
1310986,4aae0077e9863d6fdbd7f2d5bc0b9074,True
1319712,9ed37f148c54ddc27a49f623a0de78eb,True
1319713,4b8945881b195fcf5ad44be0416502d9,True
1319714,c0b347b95fece1bfdfce9854c3a820b9,False
1322341,50aaebe478b29982117258fe0611dbcb,False
1336077,df812e5cebf8e376377b704fae8b4a53,True
1336078,7f621055c9f62c894ca7bb7bb1e046ac,False
1336079,8fe7f57585f1a060b7b14158790c23e8,False
1336083,1b40c90388c02daabe810bf6a8d02d8d,False
1336085,8cda97a954f29c85a94fb322e2f4e432,False
1345092,817c28ebcd3b76a186d7514a5cebb384,True
1345093,4031e09779f41797e05616105e5434c0,True
1345094,44999c93baa71fb62e0a5899a5342e4c,True
1368851,f982a7ea595652003701fcf20e7c6bd0,False
1375872,4da4322c914811f77448a12f9fc9f93f,False
1375873,903c5d687924309ca69f883aef47037f,True
1375874,02b0c409cac0ff195e5cbd9e08145fe9,True
1379757,6c4bd3e07387e491fc02aab38abfe972,True
1379758,86aa0fb9fc90792afdc60829a0bcf190,False
1379759,8d6b9ab25b402994e1d26819cb2e5001,False
1382166,cb7088b248e57fa75a855b689404a3c5,True
1382167,c0a17ead4933039e66b3a4eb07e12db3,True
1382169,8573361f4ec86b909ebdafa69faad4b7,True
1382170,a4febd5c34a864be42ad12cc72e05ebb,True
1382171,2792ddaf93f84c4fdf8acb6cd150c918,True
1388199,8f745646c213a4f62292ad5636054ef3,True
1388200,a81894163f25f5b138f865fed0bc61d7,False
1388207,3b6ff7bee26ff82df8888563027943a9,False
1388208,29ab9838abc6c841f1f5e8e3839d160b,False
1388209,80a28c8001f2ba035ea537a93d7075f8,False
1392348,2506204fd0cbd6e32346e3b8c5c28f21,True
1392349,f37f9ca7ce9306f69cfb1d0bbc4878c9,False
1392350,6f05232e4c8b93589028d8aba2092999,False
1398258,17b2721d0ac6bf3c6f3a79017b8801f9,True
1398259,9c3749e34bb1925c4ff2519a68308b70,False
1398260,1ae10690bdd75634803b0e4ff194c167,False
1398266,04b63b6c10980d37fa6a8a1a8183d10f,True
1398267,bef88baf7206ef91b73e3f236dc5ecb1,False
1398271,3fe9ffae4b677237e1e883cccf871df8,True
1398273,2ee208813bba031dabee15be7c1b82fc,True
1398274,107c93f7db34f9dd3c6e4c9612ae8594,False
1398275,74dd0fcc232e3816e118f61c954b494b,False
1398276,e6704712b68bef6bec877a44f22a09f1,True
1405124,b965001769db1449d9f1f098e7b0b224,True
1405126,49a2094f9aa8e6c3932f8f3463577427,False
1406078,e5f598521ac88606e385160ad39e202d,False
1406079,69fc4c5a8f439263e30364eda64681d3,True
1406080,52633c71a7618ea20e38d495192866f0,True
1425061,adb87e1f12fc86872bd07c8995cc00c1,False
1425062,91e3b43418a2aeacfb450c1f7a1b939c,True
1425063,8cb9a3788cd20e2efcac829ddf96c1aa,False
1426620,95a9c250a78c0a8717bfe79c821dc4c4,False
1426621,99913840156a8b2db5a6f91f80b45e81,True
1426622,5ef905a036d47255b95c99e64b2b71bc,True
1426623,d665b6eb910e8001de0e23bffda62116,True
1426624,878ec6343c562136a6ba21e35b1610c1,True
1426625,8fbaaa4eb15a11d7be417d7e954724c9,True
1432228,a38345eb5cbcf7aa42a972e6c29aa7de,False
1432229,bcfb11b8a66b57442b733874a2f3cfd5,True
1432230,2937a6fdbf9c3cf5e08c73d8991014fd,False
1434287,ad82e5e8bd24b1b69951c59ed2aec832,True
1434288,1ba82822d6e9274971e2916f24045154,True
1434289,40eeebbf211198b910a7359870c3c730,False
1443566,df8cd78db5faf133b0e62220f2951fc8,True
1443567,0df6e8a75d3893b7a7204f973c4afe5c,False
1443569,20c7c0dd5ac790fc1353bff87acdf4a2,True
1443570,8485a3be0ea0a218088dc0adbbe028fe,False
1448402,cc2aeb39361eb242cb9cad75313b9935,False
1448403,38ab7f43703b25df46d9f8805974223a,False
1448404,0bf681c54f78f9c79acae89ed7282e1c,False
1454391,ad624fe8bcfb061a5cffc0c340f61b27,False
1454392,5f070422802a3512dfac930396a051c8,False
1454393,0b76dc14afc0daa61cfa2c18ccc94568,True
1476980,01220b16b69292f88e8c24b7c2da8324,False
1476981,0f3e4dd6ee0b7c0d6a87564d5856769c,False
1476982,e81576fd0a3391da62ea6513720393b6,True
1476983,501dbc265f8cc0d4f8f064eec38e1311,False
1476984,c0eeebaa98ca1b3bbf0043a629bbf542,True
1476985,16694e02b3075c2aec946114d84e67b9,False
1476986,845cc2cda924681171a29f7bd9ee201f,True
1477022,55aefc964857cc34327b7e9f81b6692c,False
1488248,65b25c743b2a7c345c06ba111acf4769,False
1488249,771435a6d8d439bf6c9808b73e357d93,True
1488250,cb572e88f02422d5284a434b964c7950,True
1490413,c41afdf28e83c7ed631ca36fa6dbd7ac,True
1490414,75555810a8973c7f6a881abd8a0518f9,True
1490415,e2bf5e723dd9bf0ad2971e0195e52b4a,False
1490416,668fb1a244b599ac7644ebdd81e366b4,True
1490418,9824bf9a5b84c4cc16c46833407929e3,True
1490419,6be8cd22f32cf3208d36576ccec18574,False
1490420,3ae4b61442d2a78c68cd47b75ecfcab2,True
1490421,c6cf08e8dd9392837ae646ed62173597,True
1490422,1c385dd2eed6011e50efb10b26da24db,False
1490423,82b7a351dcfbcdb73bf26974fe0aeabe,False
1490424,6372b206bb077a6b9ddb8ec6b19f3be4,True
1490425,07ea65b391ae625d407b17298e07ffb2,True
1490426,d5a350bb06ed6913ecfb4c49af745c26,True
1490429,47a3a1ecdad8a242a71c7b24636e1554,False
1490430,853d60c665c375488659002b82e33fbc,True
1490432,a5949558b3e44f7ff377fdaa272a995f,False
1490433,79c11be795551d769abfb2a340b020e3,False
1490434,c4b1a6536ed31ecd8114fad1a53a89d0,False
1490435,b37893d67425f7bf5552d40fc10a9c86,False
1490436,630073801b0bb7d8566a87048a33dfb5,False
1490438,abcd475b790c18a4fb5e10dd206c75a5,False
1490439,66df79162fdc4528c2546573f5c03362,True
1490441,0b8541fdad34ac264b02801697ab658b,False
1490442,3a1eb3da638f66392455d1eaf8d23d32,True
1490443,f03dd0c2940b950d1668c6744d4a59bc,True
1500387,2dda2509fe7e744b61b3404a34718818,False
1500388,1fb22dc2953abda69f517b600c07d91b,True
1500389,3e3a53fd62210613aa0cf072026a74e4,True
